"Region_Country_Area_Code","Region_Country_Area_Name","Year","Cur_health_exp","dom_gen_govern_health_exp","pop_annl_increase","tot_fertil_rate","infant_mortal","maternal_mortal","life_expect_both_sexes","life_expect_males","life_expec_females"
4,"Afghanistan",2005,9.9483,3.371,4.4,7.2,89.5,821.0,56.9,55.8,58.1
4,"Afghanistan",2010,8.5697,2.2555,2.8,6.4,76.7,584.0,60.0,58.9,61.3
4,"Afghanistan",2015,10.094,2.0144,3.2,5.3,68.6,396.0,62.3,61.1,63.5
8,"Albania",2005,6.3428,9.6865,-0.3,1.9,21.1,30.0,74.8,72.3,77.8
8,"Albania",2010,5.01,8.464,-0.9,1.6,16.8,30.0,75.6,73.2,78.5
8,"Albania",2015,6.8197,9.5081,-0.1,1.7,14.6,29.0,77.7,75.6,79.9
12,"Algeria",2005,3.2352,8.2694,1.3,2.4,37.3,148.0,71.5,70.1,72.9
12,"Algeria",2010,5.1172,9.5448,1.6,2.7,32.6,147.0,73.9,72.6,75.2
12,"Algeria",2015,6.9829,10.7331,2.0,3.0,27.7,140.0,75.3,74.1,76.5
20,"Andorra",2005,8.566,10.9966,3.7,1.2,0.0,0.0,0.0,0.0,0.0
20,"Andorra",2010,9.4497,10.8924,1.4,1.2,0.0,0.0,0.0,0.0,0.0
20,"Andorra",2015,10.2612,15.2437,-1.6,0.0,0.0,0.0,0.0,0.0,0.0
24,"Angola",2005,3.7348,4.8206,3.5,6.6,108.3,705.0,50.0,47.5,52.5
24,"Angola",2010,2.7367,4.2496,3.6,6.4,83.8,561.0,55.6,53.0,58.2
24,"Angola",2015,2.9504,4.5626,3.5,6.0,65.4,477.0,60.2,57.4,63.0
28,"Antigua and Barbuda",2005,4.5266,11.8797,1.3,2.3,12.2,0.0,74.1,71.5,76.4
28,"Antigua and Barbuda",2010,5.4495,16.991,1.2,2.2,10.0,0.0,75.0,72.6,77.4
28,"Antigua and Barbuda",2015,4.716,12.3034,1.1,2.1,9.1,0.0,75.8,73.3,78.2
31,"Azerbaijan",2005,7.3978,3.9138,1.0,1.9,54.2,34.0,67.4,64.6,70.3
31,"Azerbaijan",2010,4.9114,3.6419,1.1,1.8,40.7,27.0,70.1,66.9,73.4
31,"Azerbaijan",2015,6.839,3.6942,1.3,2.1,31.4,25.0,71.6,68.6,74.6
32,"Argentina",2005,7.629,16.0222,1.1,2.5,15.0,58.0,74.3,70.6,78.1
32,"Argentina",2010,8.612,16.693,1.0,2.4,14.6,58.0,75.2,71.3,79.0
32,"Argentina",2015,8.7433,16.5743,1.0,2.3,13.7,52.0,76.0,72.2,79.8
36,"Australia",2005,7.9958,16.335,1.2,1.8,4.9,7.0,80.3,77.8,82.8
36,"Australia",2010,8.4452,16.2633,1.8,2.0,4.4,6.0,81.5,79.2,83.8
36,"Australia",2015,9.3301,17.2366,1.5,1.9,3.9,6.0,82.3,80.2,84.4
40,"Austria",2005,9.627,13.6724,0.5,1.4,4.5,5.0,78.9,75.9,81.7
40,"Austria",2010,10.221,14.0038,0.4,1.4,3.8,4.0,80.1,77.3,82.8
40,"Austria",2015,10.3429,14.7707,0.6,1.4,3.3,4.0,81.0,78.4,83.5
44,"Bahamas",2005,4.5954,16.214,2.0,1.9,11.6,74.0,73.2,70.0,76.2
44,"Bahamas",2010,5.9231,17.2666,1.8,1.9,10.0,85.0,74.3,71.2,77.3
44,"Bahamas",2015,5.9875,15.8685,1.4,1.8,9.1,80.0,75.1,72.0,78.1
48,"Bahrain",2005,3.1756,8.6178,5.8,2.7,9.8,20.0,74.9,74.2,75.9
48,"Bahrain",2010,3.8429,8.4764,6.7,2.3,8.0,16.0,75.7,74.9,76.7
48,"Bahrain",2015,4.9751,8.8287,2.0,2.1,6.9,15.0,76.4,75.6,77.5
50,"Bangladesh",2005,2.2755,4.3888,1.7,2.9,56.0,319.0,66.7,66.2,67.3
50,"Bangladesh",2010,2.4959,4.4394,1.2,2.5,43.3,242.0,69.0,68.2,70.0
50,"Bangladesh",2015,2.4631,3.3797,1.2,2.2,33.3,176.0,71.2,69.8,72.9
51,"Armenia",2005,7.0349,7.4115,-0.6,1.7,27.0,40.0,72.4,69.1,75.3
51,"Armenia",2010,5.2642,6.4431,-0.7,1.7,21.0,33.0,72.7,69.4,75.8
51,"Armenia",2015,10.1176,6.1153,0.3,1.7,13.2,25.0,74.0,70.6,77.0
52,"Barbados",2005,6.6335,13.239,0.3,1.8,12.4,40.0,73.8,71.4,76.0
52,"Barbados",2010,6.774,10.7378,0.4,1.8,11.0,33.0,74.6,72.1,76.9
52,"Barbados",2015,7.0127,9.1405,0.3,1.8,9.6,27.0,75.4,72.9,77.7
56,"Belgium",2005,8.9663,14.314,0.5,1.7,4.2,8.0,78.4,75.3,81.4
56,"Belgium",2010,9.8411,15.1902,0.7,1.8,3.8,8.0,79.6,76.8,82.3
56,"Belgium",2015,10.1056,15.6736,0.6,1.8,3.5,7.0,80.5,78.0,83.0
60,"Bermuda",2005,0.0,0.0,0.3,1.8,0.0,0.0,0.0,0.0,0.0
60,"Bermuda",2010,0.0,0.0,-0.4,1.7,0.0,0.0,79.3,76.9,82.3
60,"Bermuda",2015,0.0,0.0,-0.6,1.5,0.0,0.0,0.0,77.3,84.9
64,"Bhutan",2005,4.0196,6.7703,2.7,3.1,51.9,308.0,62.9,62.7,63.1
64,"Bhutan",2010,3.4736,5.5985,2.1,2.6,39.5,204.0,66.5,66.3,66.7
64,"Bhutan",2015,3.6589,9.9531,1.6,2.2,30.5,148.0,68.8,68.6,68.9
68,"Bolivia (Plurin. State of)",2005,4.9628,8.56,1.8,3.8,61.2,305.0,62.1,60.1,64.3
68,"Bolivia (Plurin. State of)",2010,5.097,9.8963,1.7,3.4,51.0,253.0,64.9,62.7,67.3
68,"Bolivia (Plurin. State of)",2015,6.4224,9.8013,1.6,3.0,42.9,206.0,67.7,65.3,70.2
70,"Bosnia and Herzegovina",2005,9.0522,10.8101,0.1,1.3,9.9,14.0,74.8,72.0,77.5
70,"Bosnia and Herzegovina",2010,9.0189,12.4021,-0.3,1.3,9.0,13.0,75.5,72.9,78.1
70,"Bosnia and Herzegovina",2015,9.348,15.2337,-1.0,1.3,7.6,11.0,76.3,73.7,78.8
72,"Botswana",2005,5.2628,10.4823,1.4,3.2,65.4,276.0,49.2,47.3,51.0
72,"Botswana",2010,6.0187,7.9497,1.6,2.9,46.5,169.0,56.5,54.4,58.5
72,"Botswana",2015,5.9651,8.8234,1.8,2.9,35.2,129.0,62.9,59.8,66.1
76,"Brazil",2005,8.2511,8.9273,1.3,2.1,28.2,67.0,71.1,67.3,75.0
76,"Brazil",2010,9.7235,8.8349,1.0,1.9,20.4,65.0,72.9,69.2,76.7
76,"Brazil",2015,11.4647,9.8956,0.9,1.8,15.8,44.0,74.7,71.0,78.4
84,"Belize",2005,4.2167,8.5896,2.7,3.4,19.7,52.0,68.5,65.7,71.6
84,"Belize",2010,5.7649,13.0378,2.5,2.8,17.0,37.0,69.6,67.0,72.4
84,"Belize",2015,5.8842,11.4447,2.2,2.6,14.3,28.0,69.8,67.2,72.7
90,"Solomon Islands",2005,10.1419,19.9525,2.6,4.6,49.9,164.0,64.7,63.5,66.0
90,"Solomon Islands",2010,7.2579,7.5489,2.3,4.4,38.7,136.0,67.4,66.1,68.8
90,"Solomon Islands",2015,5.2487,7.2694,2.1,4.1,30.0,114.0,69.6,68.3,71.1
92,"British Virgin Islands",2005,0.0,0.0,2.3,0.0,0.0,0.0,0.0,0.0,0.0
92,"British Virgin Islands",2010,0.0,0.0,3.2,0.0,0.0,0.0,0.0,0.0,0.0
92,"British Virgin Islands",2015,0.0,0.0,2.0,0.0,0.0,0.0,0.0,0.0,0.0
96,"Brunei Darussalam",2005,2.2297,6.4329,1.8,2.0,8.2,30.0,75.7,74.2,77.5
96,"Brunei Darussalam",2010,2.2783,5.7768,1.2,1.8,6.5,27.0,76.7,75.1,78.4
96,"Brunei Darussalam",2015,2.3871,5.8657,1.4,1.9,6.5,23.0,76.7,75.1,78.4
100,"Bulgaria",2005,6.9442,11.1699,-0.8,1.2,12.7,15.0,72.2,68.8,75.8
100,"Bulgaria",2010,7.1058,10.8521,-0.7,1.5,9.5,11.0,73.1,69.7,76.7
100,"Bulgaria",2015,8.2031,10.2528,-0.6,1.5,8.3,11.0,74.3,70.8,77.8
104,"Myanmar",2005,2.013,1.1018,1.0,2.9,57.9,248.0,62.9,60.9,65.0
104,"Myanmar",2010,1.856,1.2209,0.7,2.6,52.2,205.0,64.3,62.2,66.3
104,"Myanmar",2015,5.1936,4.9218,0.9,2.3,45.0,178.0,66.0,63.7,68.3
108,"Burundi",2005,8.4237,6.2375,3.0,6.9,94.6,863.0,52.0,50.3,53.7
108,"Burundi",2010,11.2764,4.8607,3.3,6.5,86.2,808.0,53.7,52.0,55.4
108,"Burundi",2015,6.6093,9.1975,3.0,6.0,77.9,712.0,56.1,54.2,58.0
112,"Belarus",2005,6.2765,10.0517,-0.6,1.3,9.6,13.0,67.8,62.3,73.7
112,"Belarus",2010,5.6569,8.6853,-0.3,1.4,6.3,5.0,69.3,63.6,75.2
112,"Belarus",2015,6.0653,8.4813,0.0,1.6,3.6,4.0,72.1,66.5,77.7
116,"Cambodia",2005,6.8528,9.8632,1.8,3.4,65.9,315.0,60.8,58.5,63.0
116,"Cambodia",2010,6.9117,6.8481,1.5,3.1,45.0,202.0,65.1,62.7,67.4
116,"Cambodia",2015,6.1715,6.582,1.6,2.7,29.9,161.0,67.6,65.5,69.6
120,"Cameroon",2005,4.1421,5.2475,2.6,5.5,88.5,729.0,51.5,50.6,52.3
120,"Cameroon",2010,4.5039,5.0882,2.7,5.3,77.2,676.0,54.4,53.4,55.4
120,"Cameroon",2015,4.6995,3.2514,2.7,5.0,67.5,596.0,56.4,55.1,57.7
124,"Canada",2005,9.0644,17.1337,1.0,1.5,5.3,9.0,79.7,77.2,82.1
124,"Canada",2010,10.5558,17.8613,1.1,1.6,5.1,8.0,80.8,78.4,83.0
124,"Canada",2015,10.3765,19.1615,1.0,1.6,4.7,7.0,81.8,79.7,83.8
132,"Cabo Verde",2005,4.2736,8.8043,1.7,3.4,25.0,54.0,71.3,69.5,72.8
132,"Cabo Verde",2010,4.4756,7.2294,1.1,2.9,23.5,51.0,71.8,69.9,73.4
132,"Cabo Verde",2015,5.3404,10.0195,1.2,2.5,22.5,42.0,72.2,70.1,74.0
140,"Central African Republic",2005,4.7629,10.1002,1.9,5.5,113.4,0.0,43.7,42.5,44.9
140,"Central African Republic",2010,3.742,6.0146,1.5,5.3,105.9,909.0,46.0,44.6,47.4
140,"Central African Republic",2015,6.309,4.3035,0.4,5.1,93.5,882.0,49.4,47.8,51.0
144,"Sri Lanka",2005,4.0097,10.1359,0.8,2.3,13.1,43.0,73.2,69.6,77.1
144,"Sri Lanka",2010,3.8675,7.8348,0.7,2.3,10.1,35.0,74.1,70.6,77.7
144,"Sri Lanka",2015,3.8899,8.3953,0.5,2.1,8.2,30.0,74.6,71.2,78.0
148,"Chad",2005,4.8411,12.4246,3.8,7.2,110.8,0.0,47.7,46.8,48.5
148,"Chad",2010,4.0602,3.4975,3.3,6.9,105.2,0.0,48.9,48.1,49.7
148,"Chad",2015,4.5462,5.8236,3.3,6.3,91.2,856.0,51.7,50.5,52.8
152,"Chile",2005,6.5887,17.3138,1.1,2.0,8.4,27.0,77.4,74.3,80.3
152,"Chile",2010,6.7749,17.1445,1.0,1.9,7.8,26.0,78.1,75.3,80.8
152,"Chile",2015,8.3,19.603,0.9,1.8,7.4,22.0,78.8,76.2,81.3
156,"China",2005,4.1422,7.4888,0.6,1.6,25.3,48.0,73.1,71.7,74.7
156,"China",2010,4.208,8.7509,0.6,1.6,16.7,35.0,74.7,73.2,76.3
156,"China",2015,4.8887,9.3933,0.5,1.6,11.6,27.0,75.7,74.2,77.2
158,"Other non-specified areas",2005,0.0,0.0,0.7,1.3,6.1,0.0,76.9,74.2,80.0
158,"Other non-specified areas",2010,0.0,0.0,0.4,1.1,5.2,0.0,78.2,75.2,81.5
158,"Other non-specified areas",2015,0.0,0.0,0.3,1.1,4.2,0.0,79.2,76.4,82.3
170,"Colombia",2005,5.528,15.5428,1.4,2.3,20.5,80.0,71.7,68.0,75.4
170,"Colombia",2010,6.2559,14.9961,1.2,2.1,19.0,72.0,72.9,69.2,76.6
170,"Colombia",2015,6.0227,12.8264,1.0,1.9,17.9,64.0,73.7,70.2,77.4
174,"Comoros",2005,9.8682,6.684,2.4,5.2,72.6,436.0,59.6,58.0,61.2
174,"Comoros",2010,8.5229,3.4823,2.4,4.9,66.7,388.0,60.9,59.3,62.5
174,"Comoros",2015,7.6843,3.8073,2.4,4.6,58.1,335.0,62.8,61.2,64.5
175,"Mayotte",2005,0.0,0.0,3.4,4.8,7.6,0.0,76.5,73.0,80.6
175,"Mayotte",2010,0.0,0.0,3.2,4.6,5.6,0.0,78.0,74.5,81.9
175,"Mayotte",2015,0.0,0.0,2.8,4.1,4.2,0.0,79.3,76.0,82.9
178,"Congo",2005,1.8759,1.9532,2.8,5.1,81.1,596.0,52.1,51.1,53.1
178,"Congo",2010,1.9806,4.1904,3.3,5.0,61.0,509.0,58.0,56.7,59.2
178,"Congo",2015,3.4154,2.9254,2.6,4.9,46.5,442.0,62.5,61.0,64.1
180,"Dem. Rep. of the Congo",2005,4.2746,2.5117,3.0,6.7,99.5,787.0,51.8,50.4,53.3
180,"Dem. Rep. of the Congo",2010,4.0193,2.5117,3.3,6.6,83.9,794.0,55.5,54.0,56.9
180,"Dem. Rep. of the Congo",2015,3.9869,3.9519,3.3,6.4,73.2,693.0,58.1,56.7,59.5
184,"Cook Islands",2005,4.1707,9.6333,1.7,0.0,0.0,0.0,0.0,0.0,0.0
184,"Cook Islands",2010,3.4744,9.268,-1.2,0.0,0.0,0.0,0.0,0.0,0.0
184,"Cook Islands",2015,2.8577,5.215,-1.2,0.0,0.0,0.0,0.0,0.0,0.0
188,"Costa Rica",2005,6.6952,26.0191,1.6,2.2,10.9,31.0,77.8,75.5,80.2
188,"Costa Rica",2010,8.1134,32.0856,1.4,2.0,10.0,29.0,78.4,76.1,80.8
188,"Costa Rica",2015,7.7804,29.9449,1.1,1.9,9.3,25.0,79.2,76.7,81.7
191,"Croatia",2005,6.9124,12.5491,-0.2,1.4,6.5,11.0,74.9,71.4,78.4
191,"Croatia",2010,8.0958,14.3036,-0.2,1.5,5.7,10.0,76.1,72.6,79.5
191,"Croatia",2015,7.1542,11.6814,-0.4,1.5,3.9,8.0,77.0,73.6,80.4
192,"Cuba",2005,8.7539,11.6674,0.2,1.6,6.1,41.0,77.2,75.3,79.1
192,"Cuba",2010,10.6876,13.8671,0.1,1.6,5.7,44.0,78.7,76.7,80.7
192,"Cuba",2015,12.7846,18.2005,0.2,1.7,5.5,39.0,79.2,77.1,81.3
196,"Cyprus",2005,5.2862,5.4093,1.7,1.6,5.6,12.0,78.3,76.3,80.5
196,"Cyprus",2010,6.2778,7.1996,1.6,1.5,4.4,8.0,79.0,76.9,81.1
196,"Cyprus",2015,6.8085,7.0938,0.9,1.4,4.2,7.0,79.9,77.7,82.2
203,"Czechia",2005,6.381,12.8647,-0.1,1.2,3.9,6.0,75.5,72.2,78.8
203,"Czechia",2010,6.9281,13.235,0.5,1.4,3.1,5.0,77.0,73.8,80.1
203,"Czechia",2015,7.2428,14.2832,0.1,1.5,2.5,4.0,78.2,75.1,81.2
204,"Benin",2005,4.0127,4.8298,3.0,5.8,84.1,502.0,56.2,54.6,57.7
204,"Benin",2010,4.0898,5.1466,2.8,5.5,74.5,446.0,58.6,57.1,60.0
204,"Benin",2015,3.9918,3.2252,2.8,5.2,67.7,405.0,59.9,58.5,61.4
208,"Denmark",2005,9.0906,14.8567,0.3,1.8,4.5,8.0,77.3,75.0,79.6
208,"Denmark",2010,10.3332,15.2937,0.5,1.9,3.7,7.0,78.6,76.4,80.8
208,"Denmark",2015,10.2738,15.789,0.5,1.7,3.5,6.0,80.1,78.1,82.2
212,"Dominica",2005,5.2445,9.4562,0.3,0.0,0.0,0.0,0.0,0.0,0.0
212,"Dominica",2010,5.6013,8.2464,0.2,0.0,0.0,0.0,0.0,0.0,0.0
212,"Dominica",2015,5.4551,10.5796,0.5,0.0,0.0,0.0,0.0,0.0,0.0
214,"Dominican Republic",2005,4.354,9.1996,1.5,2.8,34.9,64.0,71.1,68.1,74.4
214,"Dominican Republic",2010,5.5823,15.9277,1.4,2.7,29.6,75.0,72.2,69.2,75.5
214,"Dominican Republic",2015,6.0439,13.9539,1.2,2.5,25.1,92.0,73.2,70.2,76.5
218,"Ecuador",2005,5.5784,7.8656,1.7,2.9,27.1,74.0,73.6,70.7,76.8
218,"Ecuador",2010,7.122,9.2046,1.7,2.7,23.4,75.0,74.6,71.7,77.5
218,"Ecuador",2015,8.5885,10.8498,1.6,2.6,21.1,64.0,75.5,72.8,78.4
222,"El Salvador",2005,7.1897,19.6109,0.5,2.7,23.6,68.0,69.6,65.0,74.1
222,"El Salvador",2010,6.9147,17.7056,0.4,2.4,20.7,59.0,71.1,66.4,75.6
222,"El Salvador",2015,6.8641,20.8333,0.5,2.2,17.0,54.0,72.6,67.9,77.1
226,"Equatorial Guinea",2005,1.401,2.1397,4.2,5.7,89.7,483.0,53.6,52.3,54.9
226,"Equatorial Guinea",2010,1.5319,1.018,4.6,5.4,80.4,379.0,54.9,53.8,56.2
226,"Equatorial Guinea",2015,2.7082,1.4105,4.2,5.0,70.0,342.0,56.8,55.5,58.4
231,"Ethiopia",2005,4.101,7.5518,2.9,6.1,78.0,743.0,53.6,52.3,55.0
231,"Ethiopia",2010,5.4664,5.0879,2.7,5.3,59.9,523.0,59.1,57.6,60.6
231,"Ethiopia",2015,3.9759,5.9144,2.6,4.6,45.8,353.0,63.7,61.9,65.5
232,"Eritrea",2005,5.3124,1.1483,3.1,5.1,59.4,619.0,56.7,54.7,58.8
232,"Eritrea",2010,3.4459,1.5076,2.0,4.8,51.7,579.0,60.7,58.7,62.7
232,"Eritrea",2015,2.9658,1.2096,2.0,4.4,45.0,501.0,63.4,61.4,65.6
233,"Estonia",2005,4.9559,11.094,-0.6,1.4,7.3,15.0,71.6,66.0,77.1
233,"Estonia",2010,6.3337,11.5998,-0.4,1.7,4.7,8.0,73.8,68.3,79.0
233,"Estonia",2015,6.4818,12.1405,-0.3,1.6,3.2,9.0,76.8,71.9,81.2
234,"Faroe Islands",2005,0.0,0.0,0.4,2.6,0.0,0.0,0.0,0.0,0.0
234,"Faroe Islands",2010,0.0,0.0,0.1,2.5,0.0,0.0,0.0,0.0,0.0
234,"Faroe Islands",2015,0.0,0.0,0.2,2.4,0.0,0.0,0.0,0.0,0.0
238,"Falkland Islands (Malvinas)",2005,0.0,0.0,0.4,0.0,0.0,0.0,0.0,0.0,0.0
238,"Falkland Islands (Malvinas)",2010,0.0,0.0,-0.6,0.0,0.0,0.0,0.0,0.0,0.0
238,"Falkland Islands (Malvinas)",2015,0.0,0.0,0.3,0.0,0.0,0.0,0.0,0.0,0.0
242,"Fiji",2005,3.559,10.3595,0.3,3.0,19.0,39.0,68.0,65.5,70.7
242,"Fiji",2010,3.7014,8.5877,0.9,2.8,17.9,34.0,68.8,66.1,71.9
242,"Fiji",2015,3.5689,7.0442,0.7,2.6,16.0,30.0,69.7,66.9,72.9
246,"Finland",2005,7.9979,12.736,0.3,1.8,3.2,4.0,78.4,74.9,81.7
246,"Finland",2010,8.8687,12.5064,0.4,1.8,2.7,3.0,79.5,76.1,82.9
246,"Finland",2015,9.7429,13.2616,0.4,1.8,2.3,3.0,80.7,77.7,83.7
250,"France",2005,10.1798,15.148,0.5,1.9,4.3,10.0,79.4,75.8,83.1
250,"France",2010,11.1792,15.1169,0.6,2.0,3.7,9.0,80.8,77.4,84.3
250,"France",2015,11.5014,15.5434,0.4,2.0,3.4,8.0,81.9,78.8,85.0
254,"French Guiana",2005,0.0,0.0,4.5,3.7,13.6,0.0,76.1,72.8,80.1
254,"French Guiana",2010,0.0,0.0,2.8,3.6,10.6,0.0,78.0,75.0,81.4
254,"French Guiana",2015,0.0,0.0,2.8,3.5,9.3,0.0,79.2,76.1,82.6
258,"French Polynesia",2005,0.0,0.0,1.4,2.4,9.4,0.0,73.2,70.7,76.1
258,"French Polynesia",2010,0.0,0.0,1.0,2.2,8.8,0.0,75.0,72.8,77.5
258,"French Polynesia",2015,0.0,0.0,0.7,2.1,6.9,0.0,76.1,74.0,78.6
262,"Djibouti",2005,4.5273,5.3278,1.8,4.2,68.1,341.0,57.3,55.9,58.8
262,"Djibouti",2010,4.2971,6.9705,1.7,3.6,63.4,275.0,59.1,57.6,60.5
262,"Djibouti",2015,4.3893,4.0695,1.7,3.1,55.3,229.0,61.6,60.0,63.2
266,"Gabon",2005,2.9341,5.0768,2.6,4.4,58.1,370.0,59.1,58.3,59.8
266,"Gabon",2010,2.4756,6.8134,3.1,4.2,49.3,322.0,61.3,60.8,61.8
266,"Gabon",2015,2.6574,7.0349,3.3,4.0,40.8,291.0,64.5,63.1,65.8
268,"Georgia",2005,8.3039,5.5771,-1.0,1.6,29.0,37.0,72.6,68.9,76.1
268,"Georgia",2010,9.5454,6.1534,-1.2,1.8,20.2,40.0,72.7,68.6,76.5
268,"Georgia",2015,7.9324,9.5979,-1.4,2.0,11.2,36.0,72.8,68.5,77.0
270,"Gambia",2005,4.9078,10.2326,3.2,5.9,59.4,807.0,56.9,55.9,58.1
270,"Gambia",2010,5.7396,7.8139,3.2,5.8,52.4,753.0,58.8,57.6,60.2
270,"Gambia",2015,4.7615,2.7588,3.1,5.6,49.8,706.0,60.3,59.1,61.6
275,"State of Palestine",2005,0.0,0.0,2.1,5.0,24.9,62.0,71.2,69.5,72.9
275,"State of Palestine",2010,0.0,0.0,2.6,4.6,22.3,54.0,72.0,70.2,73.9
275,"State of Palestine",2015,0.0,0.0,2.7,4.3,20.0,45.0,72.9,71.1,74.8
276,"Germany",2005,10.2253,16.7818,0.0,1.4,4.2,7.0,78.6,75.6,81.5
276,"Germany",2010,11.004,19.4114,-0.2,1.4,3.7,7.0,79.7,77.0,82.4
276,"Germany",2015,11.0791,21.3047,0.2,1.4,3.4,6.0,80.4,77.9,82.9
288,"Ghana",2005,5.3295,10.602,2.6,4.6,60.9,376.0,57.5,56.7,58.3
288,"Ghana",2010,6.1306,11.9699,2.6,4.4,55.4,325.0,60.0,59.2,60.9
288,"Ghana",2015,6.0877,8.5579,2.4,4.2,46.5,319.0,61.7,60.7,62.6
292,"Gibraltar",2005,0.0,0.0,0.6,0.0,0.0,0.0,0.0,0.0,0.0
292,"Gibraltar",2010,0.0,0.0,0.7,0.0,0.0,0.0,0.0,0.0,0.0
292,"Gibraltar",2015,0.0,0.0,0.6,0.0,0.0,0.0,0.0,0.0,0.0
296,"Kiribati",2005,11.5077,11.4062,1.8,4.0,51.6,135.0,64.5,61.6,67.5
296,"Kiribati",2010,9.2062,10.295,2.1,3.9,49.3,109.0,65.1,62.0,68.1
296,"Kiribati",2015,8.0908,6.2581,1.8,3.8,46.9,90.0,65.7,62.4,68.9
300,"Greece",2005,8.9966,12.0483,0.3,1.3,4.6,3.0,79.1,76.4,81.9
300,"Greece",2010,9.56,12.4371,0.3,1.5,3.5,3.0,80.0,77.3,82.8
300,"Greece",2015,8.1943,8.7849,-0.4,1.3,3.3,3.0,80.6,78.0,83.3
304,"Greenland",2005,0.0,0.0,0.3,2.3,0.0,0.0,0.0,0.0,0.0
304,"Greenland",2010,0.0,0.0,-0.1,2.3,0.0,0.0,0.0,65.7,71.0
304,"Greenland",2015,0.0,0.0,-0.1,0.0,0.0,0.0,0.0,68.2,72.9
308,"Grenada",2005,5.271,9.9802,0.3,2.4,12.0,25.0,70.9,68.5,73.2
308,"Grenada",2010,6.0906,9.8374,0.3,2.3,10.2,27.0,72.0,69.6,74.4
308,"Grenada",2015,4.8639,7.4443,0.4,2.2,9.6,27.0,73.2,70.8,75.6
312,"Guadeloupe",2005,0.0,0.0,0.7,2.1,8.7,0.0,77.9,74.3,81.4
312,"Guadeloupe",2010,0.0,0.0,0.5,2.1,7.0,0.0,79.3,75.7,82.9
312,"Guadeloupe",2015,0.0,0.0,0.0,2.0,5.8,0.0,80.5,76.8,84.0
316,"Guam",2005,0.0,0.0,0.4,2.7,13.5,0.0,75.9,73.6,78.5
316,"Guam",2010,0.0,0.0,0.1,2.5,11.4,0.0,77.4,74.7,80.3
316,"Guam",2015,0.0,0.0,0.3,2.4,9.6,0.0,78.8,76.4,81.5
320,"Guatemala",2005,6.3367,14.3289,2.3,4.3,37.3,120.0,68.9,65.7,72.1
320,"Guatemala",2010,6.0774,14.0799,2.2,3.6,31.3,109.0,70.5,67.3,73.7
320,"Guatemala",2015,5.5159,15.7313,2.1,3.2,26.9,88.0,72.4,69.2,75.6
324,"Guinea",2005,2.9495,2.992,1.9,5.9,95.2,831.0,51.3,51.3,51.3
324,"Guinea",2010,3.0677,1.9036,2.2,5.5,77.7,720.0,55.5,54.5,56.4
324,"Guinea",2015,5.8271,1.9782,2.3,5.1,65.7,679.0,57.9,57.5,58.4
328,"Guyana",2005,3.3695,6.341,-0.1,2.9,36.5,232.0,65.3,62.6,68.1
328,"Guyana",2010,4.6451,5.6301,-0.1,2.7,34.4,241.0,65.8,63.4,68.4
328,"Guyana",2015,4.4528,7.7892,0.6,2.6,33.2,229.0,66.3,64.0,68.6
332,"Haiti",2005,5.5094,6.6438,1.6,4.0,56.0,459.0,58.3,56.5,60.1
332,"Haiti",2010,8.1456,6.0231,1.5,3.5,52.2,389.0,60.2,58.2,62.3
332,"Haiti",2015,5.3723,3.9792,1.4,3.1,46.9,359.0,62.3,60.2,64.4
336,"Holy See",2005,0.0,0.0,0.3,0.0,0.0,0.0,0.0,0.0,0.0
336,"Holy See",2010,0.0,0.0,0.0,0.0,0.0,0.0,0.0,0.0,0.0
336,"Holy See",2015,0.0,0.0,0.0,0.0,0.0,0.0,0.0,0.0,0.0
340,"Honduras",2005,7.6776,12.3669,2.4,3.8,31.2,150.0,71.0,68.6,73.4
340,"Honduras",2010,8.6284,13.9667,2.1,3.2,29.4,155.0,72.0,69.6,74.5
340,"Honduras",2015,7.714,11.4276,1.8,2.7,27.8,129.0,72.9,70.4,75.4
344,"China, Hong Kong SAR",2005,0.0,0.0,0.5,1.0,2.5,0.0,81.4,78.5,84.5
344,"China, Hong Kong SAR",2010,0.0,0.0,0.6,1.0,1.9,0.0,82.4,79.5,85.5
344,"China, Hong Kong SAR",2015,0.0,0.0,0.6,1.2,1.6,0.0,83.4,80.5,86.4
348,"Hungary",2005,7.9969,11.3695,-0.3,1.3,7.4,14.0,72.5,68.3,76.7
348,"Hungary",2010,7.5199,10.1754,-0.3,1.3,5.7,15.0,73.7,69.6,77.8
348,"Hungary",2015,7.1207,9.4454,-0.3,1.3,4.9,17.0,75.4,71.7,78.9
352,"Iceland",2005,9.2135,18.0192,1.0,2.0,2.5,4.0,80.7,78.8,82.6
352,"Iceland",2010,8.7715,14.3609,1.6,2.1,2.0,4.0,81.4,79.6,83.2
352,"Iceland",2015,8.3458,15.8837,0.6,2.0,1.6,3.0,82.2,80.6,83.8
356,"India",2005,3.7912,3.0329,1.7,3.1,59.9,280.0,63.5,62.7,64.4
356,"India",2010,3.2721,3.1694,1.5,2.8,49.8,215.0,65.6,64.7,66.5
356,"India",2015,3.5609,3.1443,1.2,2.4,41.3,174.0,67.6,66.2,69.1
360,"Indonesia",2005,2.5841,4.1989,1.4,2.5,36.5,212.0,66.7,64.9,68.5
360,"Indonesia",2010,2.9609,4.5096,1.3,2.5,29.7,165.0,67.7,65.6,69.8
360,"Indonesia",2015,3.0054,6.9403,1.3,2.5,25.0,126.0,68.6,66.6,70.7
364,"Iran (Islamic Republic of)",2005,5.3057,9.3597,1.3,2.0,25.0,34.0,71.1,70.0,72.3
364,"Iran (Islamic Republic of)",2010,6.7547,11.8872,1.1,1.8,18.9,27.0,72.7,71.0,74.6
364,"Iran (Islamic Republic of)",2015,7.7606,22.5999,1.2,1.7,14.8,25.0,75.1,74.0,76.2
368,"Iraq",2005,2.8974,3.1964,2.7,4.7,34.7,54.0,68.9,66.9,71.0
368,"Iraq",2010,3.2306,4.8142,2.6,4.6,33.3,51.0,68.0,65.1,71.2
368,"Iraq",2015,3.1058,1.6956,3.2,4.6,32.1,50.0,69.2,67.0,71.4
372,"Ireland",2005,7.6477,18.0896,1.8,2.0,5.2,8.0,77.8,75.3,80.4
372,"Ireland",2010,10.512,12.3017,1.9,2.0,3.7,7.0,79.7,77.4,82.0
372,"Ireland",2015,7.446,18.3813,0.3,2.0,3.4,8.0,80.9,78.7,83.0
376,"Israel",2005,7.1271,9.2835,1.9,2.9,5.0,7.0,79.6,77.4,81.6
376,"Israel",2010,7.0511,10.7126,2.3,2.9,4.0,6.0,80.9,79.0,82.8
376,"Israel",2015,7.3753,11.6295,1.7,3.0,3.4,5.0,81.9,80.0,83.7
380,"Italy",2005,8.3612,13.743,0.5,1.3,4.1,4.0,80.3,77.3,83.1
380,"Italy",2010,8.9536,14.0798,0.3,1.4,3.4,4.0,81.5,78.8,84.1
380,"Italy",2015,8.9854,13.3434,-0.1,1.4,3.0,4.0,82.3,79.9,84.7
384,"Cote dIvoire",2005,5.3536,3.8829,1.9,5.7,91.6,742.0,46.7,45.9,47.6
384,"Cote dIvoire",2010,6.1466,4.0537,2.1,5.4,84.6,717.0,49.2,48.5,50.0
384,"Cote dIvoire",2015,5.2627,5.0354,2.5,5.1,71.6,645.0,51.7,50.4,53.2
388,"Jamaica",2005,4.6345,7.7329,0.7,2.5,20.0,92.0,72.8,70.1,75.6
388,"Jamaica",2010,4.9992,9.0174,0.5,2.3,17.9,93.0,74.2,71.7,76.8
388,"Jamaica",2015,5.6585,12.8957,0.4,2.1,15.0,89.0,75.5,73.1,77.9
392,"Japan",2005,7.7807,17.7834,0.1,1.3,3.0,7.0,81.8,78.3,85.2
392,"Japan",2010,9.1568,18.94,0.0,1.3,2.6,6.0,82.7,79.2,86.0
392,"Japan",2015,10.8719,23.2078,-0.1,1.4,2.2,5.0,83.3,80.0,86.4
398,"Kazakhstan",2005,3.8968,11.3711,0.6,2.0,32.0,44.0,64.6,59.1,70.4
398,"Kazakhstan",2010,2.727,8.2052,1.1,2.5,23.9,20.0,66.1,60.6,71.9
398,"Kazakhstan",2015,3.0875,8.3753,1.6,2.7,14.1,12.0,69.1,64.3,73.9
400,"Jordan",2005,8.8627,11.5995,2.3,3.9,22.4,62.0,72.2,70.8,73.8
400,"Jordan",2010,8.3893,18.392,4.6,3.7,19.7,59.0,73.0,71.5,74.6
400,"Jordan",2015,6.2845,11.955,4.9,3.6,17.1,58.0,73.8,72.2,75.5
404,"Kenya",2005,5.3144,6.9133,2.7,5.0,62.2,728.0,52.7,51.0,54.5
404,"Kenya",2010,6.1168,7.3167,2.7,4.7,49.4,605.0,59.7,58.1,61.3
404,"Kenya",2015,4.8901,6.317,2.7,4.1,39.4,510.0,65.4,63.0,67.8
408,"Dem. People's Rep. Korea",2005,0.0,0.0,0.8,2.0,28.5,105.0,68.1,64.2,71.5
408,"Dem. People's Rep. Korea",2010,0.0,0.0,0.6,2.0,27.3,97.0,68.4,64.8,71.8
408,"Dem. People's Rep. Korea",2015,0.0,0.0,0.5,2.0,18.5,82.0,70.8,67.2,74.1
410,"Republic of Korea",2005,4.891,9.6811,0.6,1.2,5.0,14.0,77.2,73.6,80.6
410,"Republic of Korea",2010,6.2406,12.1549,0.3,1.2,3.5,15.0,79.5,76.0,82.7
410,"Republic of Korea",2015,7.0492,12.8555,0.4,1.2,3.0,11.0,81.3,77.9,84.4
414,"Kuwait",2005,2.3776,6.7521,2.1,2.6,10.2,6.0,73.3,72.6,74.4
414,"Kuwait",2010,2.757,5.2162,5.5,2.4,9.7,5.0,73.7,73.0,74.8
414,"Kuwait",2015,4.0147,6.2063,5.4,2.1,8.4,4.0,74.3,73.5,75.5
417,"Kyrgyzstan",2005,7.4501,12.831,0.6,2.5,37.8,85.0,66.9,63.0,71.0
417,"Kyrgyzstan",2010,6.9503,9.2057,1.3,2.8,30.3,84.0,67.5,63.5,71.7
417,"Kyrgyzstan",2015,7.2194,7.2835,1.6,3.1,19.6,76.0,70.3,66.4,74.3
418,"Lao People's Dem. Rep.",2005,3.3367,5.7477,1.5,3.9,69.2,418.0,60.3,59.0,61.7
418,"Lao People's Dem. Rep.",2010,2.9116,2.7053,1.6,3.4,56.7,294.0,63.2,61.8,64.5
418,"Lao People's Dem. Rep.",2015,2.4537,3.761,1.3,2.9,47.3,197.0,65.4,63.9,66.8
422,"Lebanon",2005,7.5512,9.2284,4.2,2.0,13.8,27.0,75.6,73.9,77.4
422,"Lebanon",2010,7.4433,10.2938,1.7,1.6,10.6,19.0,77.7,76.0,79.7
422,"Lebanon",2015,7.8259,14.3326,6.0,1.7,9.2,15.0,78.9,77.3,80.9
426,"Lesotho",2005,5.0662,5.8353,0.8,3.8,86.8,746.0,45.6,44.7,46.4
426,"Lesotho",2010,7.6723,8.6495,0.9,3.4,74.1,587.0,49.0,47.6,50.2
426,"Lesotho",2015,8.3457,11.2762,1.3,3.3,59.8,487.0,52.5,50.1,54.7
428,"Latvia",2005,5.8604,9.5507,-1.1,1.3,9.9,22.0,70.8,65.2,76.2
428,"Latvia",2010,6.1485,8.1323,-1.2,1.5,7.8,19.0,71.6,66.0,77.0
428,"Latvia",2015,5.7106,8.5218,-1.2,1.5,6.5,18.0,73.9,68.8,78.7
430,"Liberia",2005,8.7858,4.4866,2.5,5.7,96.9,0.0,52.4,51.6,53.2
430,"Liberia",2010,8.8072,2.3866,3.8,5.2,71.8,811.0,58.1,57.2,59.0
430,"Liberia",2015,10.1891,3.0682,2.6,4.8,59.0,725.0,60.7,59.8,61.6
434,"Libya",2005,2.5977,5.7806,1.6,2.6,27.2,11.0,70.8,69.1,72.8
434,"Libya",2010,3.5854,4.3341,1.3,2.4,24.3,9.0,71.8,69.5,74.4
434,"Libya",2015,0.0,0.0,0.2,2.4,24.3,9.0,71.5,68.8,74.4
438,"Liechtenstein",2005,0.0,0.0,0.9,1.5,0.0,0.0,0.0,0.0,0.0
438,"Liechtenstein",2010,0.0,0.0,0.7,1.4,0.0,0.0,0.0,0.0,0.0
438,"Liechtenstein",2015,0.0,0.0,0.8,0.0,0.0,0.0,0.0,0.0,0.0
440,"Lithuania",2005,5.642,10.0503,-0.9,1.3,7.7,12.0,71.6,65.7,77.5
440,"Lithuania",2010,6.8161,11.4556,-1.4,1.4,6.0,9.0,71.9,66.0,77.8
440,"Lithuania",2015,6.4764,12.2676,-1.3,1.6,4.4,10.0,74.0,68.5,79.3
442,"Luxembourg",2005,7.1841,13.8857,1.0,1.7,5.0,13.0,78.3,75.1,81.4
442,"Luxembourg",2010,7.0306,13.7246,2.1,1.6,2.3,11.0,79.5,76.7,82.2
442,"Luxembourg",2015,6.1896,12.2271,2.2,1.5,3.4,10.0,81.1,78.8,83.5
446,"China, Macao SAR",2005,0.0,0.0,2.4,0.8,4.9,0.0,81.0,78.2,83.6
446,"China, Macao SAR",2010,0.0,0.0,2.1,0.9,3.8,0.0,82.1,79.1,84.9
446,"China, Macao SAR",2015,0.0,0.0,2.3,1.2,3.0,0.0,83.3,80.3,86.2
450,"Madagascar",2005,5.5263,8.3219,3.0,5.3,58.0,508.0,60.0,58.8,61.3
450,"Madagascar",2010,5.3204,15.2097,2.9,4.8,45.5,436.0,62.2,60.8,63.7
450,"Madagascar",2015,5.5042,15.6105,2.7,4.4,36.8,353.0,64.5,63.0,66.0
454,"Malawi",2005,6.0551,6.0578,2.7,6.0,99.1,648.0,47.3,45.7,48.9
454,"Malawi",2010,7.2414,5.7947,3.0,5.7,79.7,629.0,53.4,51.5,55.2
454,"Malawi",2015,9.3335,9.708,2.9,4.9,66.5,634.0,60.7,58.2,63.1
458,"Malaysia",2005,2.8446,5.6117,2.0,2.5,6.8,52.0,73.2,71.2,75.4
458,"Malaysia",2010,3.2287,6.3204,1.8,2.2,6.8,48.0,73.7,71.6,76.1
458,"Malaysia",2015,3.8976,8.2382,1.8,2.1,6.5,40.0,74.7,72.6,77.1
462,"Maldives",2005,8.8275,7.6986,2.6,2.6,26.7,101.0,72.1,71.1,73.9
462,"Maldives",2010,8.4876,13.6037,2.7,2.3,14.8,87.0,75.6,74.6,76.8
462,"Maldives",2015,8.899,18.178,2.8,2.2,9.0,68.0,76.3,75.4,77.4
466,"Mali",2005,4.9849,8.3608,3.1,6.9,106.6,714.0,50.0,49.3,50.6
466,"Mali",2010,4.4276,3.1997,3.3,6.7,89.1,630.0,54.0,53.4,54.7
466,"Mali",2015,4.1112,4.3845,2.9,6.4,78.5,587.0,56.2,55.6,56.9
470,"Malta",2005,8.6909,14.1989,0.5,1.5,6.9,13.0,78.5,76.8,80.2
470,"Malta",2010,8.2099,12.8996,0.5,1.4,5.8,11.0,79.4,77.7,81.1
470,"Malta",2015,9.3556,14.1685,0.5,1.4,4.8,9.0,80.3,78.6,82.0
474,"Martinique",2005,0.0,0.0,0.5,1.9,8.5,0.0,78.9,75.5,82.2
474,"Martinique",2010,0.0,0.0,-0.1,2.1,7.6,0.0,80.1,76.7,83.2
474,"Martinique",2015,0.0,0.0,-0.5,2.0,6.4,0.0,81.2,77.8,84.4
478,"Mauritania",2005,4.4661,3.8504,2.9,5.3,75.6,750.0,60.3,58.6,61.9
478,"Mauritania",2010,3.3347,4.2229,2.8,5.1,72.4,723.0,61.3,59.8,62.9
478,"Mauritania",2015,4.6444,5.5302,2.9,4.9,68.0,602.0,62.6,61.2,64.1
480,"Mauritius",2005,3.7228,7.3627,0.6,1.9,13.4,39.0,72.1,68.9,75.5
480,"Mauritius",2010,4.7143,8.2959,0.4,1.7,13.2,59.0,72.8,69.4,76.3
480,"Mauritius",2015,5.7898,9.4647,0.2,1.5,12.0,53.0,74.1,70.7,77.7
484,"Mexico",2005,5.8361,11.2387,1.3,2.6,20.5,54.0,74.9,72.4,77.4
484,"Mexico",2010,5.7514,10.906,1.6,2.4,19.9,45.0,75.7,73.3,78.1
484,"Mexico",2015,5.6528,10.865,1.4,2.3,18.8,38.0,76.5,74.0,78.9
492,"Monaco",2005,2.1167,7.9048,1.0,0.0,0.0,0.0,0.0,0.0,0.0
492,"Monaco",2010,2.331,9.1693,1.9,0.0,0.0,0.0,0.0,0.0,0.0
492,"Monaco",2015,2.0291,8.0937,0.6,0.0,0.0,0.0,0.0,0.0,0.0
496,"Mongolia",2005,3.2351,9.0401,1.0,2.1,40.8,95.0,64.1,60.8,67.7
496,"Mongolia",2010,3.355,6.5252,1.4,2.4,30.5,63.0,66.1,62.4,70.3
496,"Mongolia",2015,3.9041,6.0648,1.9,2.8,22.8,44.0,68.5,64.5,72.7
498,"Republic of Moldova",2005,9.5581,13.5767,-0.2,1.2,18.9,39.0,67.6,63.6,71.6
498,"Republic of Moldova",2010,12.1592,13.6269,-0.4,1.3,15.5,34.0,68.3,64.4,72.1
498,"Republic of Moldova",2015,10.1769,12.2147,-0.1,1.3,14.3,23.0,71.0,66.7,75.2
499,"Montenegro",2005,0.0,0.0,0.1,1.9,11.6,9.0,73.4,70.6,76.2
499,"Montenegro",2010,0.0,0.0,0.3,1.8,10.9,8.0,74.2,71.9,76.5
499,"Montenegro",2015,0.0,0.0,0.1,1.7,4.1,7.0,76.4,74.0,78.8
500,"Montserrat",2005,0.0,0.0,-0.7,0.0,0.0,0.0,0.0,0.0,0.0
500,"Montserrat",2010,0.0,0.0,0.7,0.0,0.0,0.0,0.0,0.0,0.0
500,"Montserrat",2015,0.0,0.0,0.7,0.0,0.0,0.0,0.0,0.0,0.0
504,"Morocco",2005,4.7647,3.9854,1.1,2.7,36.6,190.0,70.0,68.5,71.4
504,"Morocco",2010,5.8641,7.5316,1.2,2.6,33.2,153.0,72.9,71.3,74.4
504,"Morocco",2015,5.4123,7.7498,1.4,2.6,28.1,121.0,74.9,73.7,76.0
508,"Mozambique",2005,6.4397,15.9379,2.9,5.8,94.3,762.0,49.6,47.9,51.2
508,"Mozambique",2010,5.059,1.4307,2.9,5.7,78.1,619.0,53.2,51.4,55.0
508,"Mozambique",2015,5.1822,1.1828,2.9,5.5,67.3,489.0,56.1,54.0,58.1
512,"Oman",2005,2.5871,6.0894,2.0,3.2,14.6,20.0,73.2,71.4,75.5
512,"Oman",2010,2.744,6.6959,3.8,2.9,9.8,18.0,75.1,73.2,77.5
512,"Oman",2015,4.3054,7.5657,6.5,2.9,9.6,17.0,76.2,74.5,78.7
516,"Namibia",2005,12.4025,20.8561,1.4,3.8,59.4,390.0,53.8,51.7,55.9
516,"Namibia",2010,9.4674,15.4302,1.3,3.6,46.6,319.0,55.0,53.3,56.6
516,"Namibia",2015,9.8648,12.3524,2.2,3.6,36.4,265.0,61.7,59.1,64.3
520,"Nauru",2005,12.5714,18.0093,0.1,0.0,0.0,0.0,0.0,0.0,0.0
520,"Nauru",2010,10.4307,7.3238,-0.2,0.0,0.0,0.0,0.0,0.0,0.0
520,"Nauru",2015,11.3538,5.0113,2.3,0.0,0.0,0.0,0.0,0.0,0.0
524,"Nepal",2005,4.5067,6.2466,1.5,3.6,52.9,444.0,64.1,62.9,65.2
524,"Nepal",2010,4.9748,4.8028,1.1,3.0,41.3,349.0,66.8,65.5,68.1
524,"Nepal",2015,6.2193,5.146,1.2,2.3,32.8,258.0,68.9,67.4,70.5
528,"Netherlands",2005,9.2706,14.7386,0.5,1.7,4.9,11.0,78.7,76.2,81.0
528,"Netherlands",2010,10.4029,17.8331,0.4,1.7,4.1,8.0,80.2,78.0,82.2
528,"Netherlands",2015,10.395,18.7672,0.3,1.7,3.5,7.0,81.3,79.4,83.1
531,"Curacao",2005,0.0,0.0,-0.4,2.1,14.7,0.0,75.0,71.2,78.6
531,"Curacao",2010,0.0,0.0,2.6,2.0,13.0,0.0,76.1,72.7,79.4
531,"Curacao",2015,0.0,0.0,1.4,2.1,10.3,0.0,77.8,74.5,80.7
533,"Aruba",2005,0.0,0.0,1.9,1.8,17.8,0.0,74.0,71.5,76.4
533,"Aruba",2010,0.0,0.0,0.3,1.8,16.2,0.0,74.7,72.2,77.1
533,"Aruba",2015,0.0,0.0,0.5,1.8,14.8,0.0,75.4,72.9,77.8
534,"Sint Maarten (Dutch part)",2005,0.0,0.0,0.4,0.0,0.0,0.0,0.0,0.0,0.0
534,"Sint Maarten (Dutch part)",2010,0.0,0.0,0.4,0.0,0.0,0.0,0.0,72.0,77.2
534,"Sint Maarten (Dutch part)",2015,0.0,0.0,3.1,0.0,0.0,0.0,0.0,0.0,0.0
535,"Bonaire, St. Eustatius & Saba",2005,0.0,0.0,0.0,0.0,0.0,0.0,0.0,0.0,0.0
535,"Bonaire, St. Eustatius & Saba",2010,0.0,0.0,7.5,0.0,0.0,0.0,0.0,0.0,0.0
535,"Bonaire, St. Eustatius & Saba",2015,0.0,0.0,3.2,0.0,0.0,0.0,0.0,0.0,0.0
540,"New Caledonia",2005,0.0,0.0,1.8,2.3,17.4,0.0,74.1,71.3,77.2
540,"New Caledonia",2010,0.0,0.0,1.5,2.3,15.1,0.0,75.2,72.4,78.3
540,"New Caledonia",2015,0.0,0.0,1.4,2.2,13.0,0.0,76.3,73.7,79.3
548,"Vanuatu",2005,3.3055,11.6995,2.5,4.1,34.6,116.0,68.4,66.7,70.3
548,"Vanuatu",2010,3.3752,6.8481,2.4,3.6,28.6,94.0,70.0,68.2,72.1
548,"Vanuatu",2015,4.1532,4.8685,2.3,3.4,24.3,78.0,71.4,69.4,73.6
554,"New Zealand",2005,8.2735,20.009,1.4,1.9,5.4,14.0,79.1,76.8,81.3
554,"New Zealand",2010,9.5884,20.1156,1.1,2.1,5.0,13.0,80.3,78.3,82.3
554,"New Zealand",2015,9.3066,22.1109,1.1,2.0,4.4,11.0,81.3,79.5,83.1
558,"Nicaragua",2005,5.5138,10.9857,1.4,2.8,26.4,190.0,70.9,68.0,73.8
558,"Nicaragua",2010,6.5016,13.2876,1.3,2.6,24.0,166.0,72.8,69.8,75.9
558,"Nicaragua",2015,7.9156,17.8576,1.2,2.3,20.0,150.0,74.5,71.4,77.5
562,"Niger",2005,7.4939,12.3228,3.6,7.7,88.1,723.0,51.4,50.8,52.0
562,"Niger",2010,6.5127,7.9269,3.7,7.6,74.8,657.0,54.9,54.3,55.6
562,"Niger",2015,7.091,4.586,3.8,7.4,65.8,553.0,58.5,57.6,59.5
566,"Nigeria",2005,3.8136,3.57,2.5,6.1,104.0,946.0,46.9,46.1,47.8
566,"Nigeria",2010,3.2597,2.6941,2.6,5.9,89.9,867.0,49.7,49.0,50.5
566,"Nigeria",2015,3.5726,5.3234,2.7,5.7,76.3,814.0,51.9,51.2,52.6
570,"Niue",2005,10.1103,2.6727,-2.4,0.0,0.0,0.0,0.0,0.0,0.0
570,"Niue",2010,9.8371,2.097,-0.7,0.0,0.0,0.0,0.0,0.0,0.0
570,"Niue",2015,6.3547,2.2358,-0.1,0.0,0.0,0.0,0.0,0.0,0.0
578,"Norway",2005,8.3328,16.4523,0.6,1.8,3.5,7.0,79.3,76.8,81.8
578,"Norway",2010,8.8978,16.7648,1.1,1.9,3.0,6.0,80.6,78.3,82.8
578,"Norway",2015,10.1089,17.7144,1.2,1.8,2.4,5.0,81.6,79.5,83.6
580,"Northern Mariana Islands",2005,0.0,0.0,-1.6,1.5,0.0,0.0,0.0,0.0,0.0
580,"Northern Mariana Islands",2010,0.0,0.0,-3.2,2.2,0.0,0.0,0.0,0.0,0.0
580,"Northern Mariana Islands",2015,0.0,0.0,0.1,0.0,0.0,0.0,0.0,0.0,0.0
583,"Micronesia (Fed. States of)",2005,11.4621,4.4624,-0.2,4.1,37.9,134.0,67.6,66.9,68.2
583,"Micronesia (Fed. States of)",2010,12.9447,3.3999,-0.5,3.6,34.9,115.0,68.3,67.6,69.1
583,"Micronesia (Fed. States of)",2015,12.2011,5.7719,0.2,3.3,33.2,100.0,68.8,67.7,69.9
584,"Marshall Islands",2005,26.2889,11.6516,0.0,0.0,0.0,0.0,0.0,0.0,0.0
584,"Marshall Islands",2010,19.301,14.2357,0.1,0.0,0.0,0.0,0.0,0.0,0.0
584,"Marshall Islands",2015,22.6208,20.1922,0.2,0.0,0.0,0.0,0.0,0.0,0.0
585,"Palau",2005,9.0493,8.7309,0.8,0.0,0.0,0.0,0.0,66.3,72.1
585,"Palau",2010,11.6086,8.536,0.6,0.0,0.0,0.0,0.0,0.0,0.0
585,"Palau",2015,10.5115,13.3193,0.8,2.2,13.3,0.0,73.0,68.1,77.8
586,"Pakistan",2005,2.7079,3.7054,2.1,4.2,84.0,249.0,63.3,62.5,64.3
586,"Pakistan",2010,2.5968,2.8112,2.1,4.0,76.9,211.0,64.4,63.5,65.3
586,"Pakistan",2015,2.6871,3.7429,2.1,3.7,69.8,178.0,65.9,65.0,66.8
591,"Panama",2005,6.1966,10.0237,1.9,2.7,19.8,87.0,75.5,73.0,78.2
591,"Panama",2010,7.0028,13.0622,1.8,2.6,16.8,101.0,76.4,73.5,79.4
591,"Panama",2015,6.7947,11.5877,1.7,2.6,15.2,94.0,77.3,74.3,80.5
598,"Papua New Guinea",2005,2.4578,7.8259,2.5,4.4,55.5,277.0,62.6,60.3,65.1
598,"Papua New Guinea",2010,2.1076,7.0693,2.4,4.1,51.9,238.0,64.2,61.8,66.7
598,"Papua New Guinea",2015,2.5079,8.2244,2.2,3.8,49.0,215.0,65.0,62.6,67.5
600,"Paraguay",2005,4.9812,5.886,1.8,3.2,35.5,159.0,70.8,68.7,72.9
600,"Paraguay",2010,6.2259,9.0082,1.4,2.9,32.0,139.0,71.8,69.7,73.9
600,"Paraguay",2015,7.8198,10.8549,1.3,2.6,28.8,132.0,72.7,70.7,74.9
604,"Peru",2005,4.5501,12.3978,1.3,2.8,27.4,114.0,71.6,69.0,74.3
604,"Peru",2010,4.7371,11.6675,1.2,2.6,21.0,92.0,73.1,70.5,75.9
604,"Peru",2015,5.1211,14.5215,1.3,2.5,18.6,68.0,74.2,71.5,76.8
608,"Philippines",2005,3.9004,6.6098,2.0,3.7,28.1,127.0,67.5,64.4,70.8
608,"Philippines",2010,4.3128,7.1828,1.7,3.3,25.0,129.0,68.1,64.8,71.5
608,"Philippines",2015,4.3214,7.2514,1.6,3.1,22.2,114.0,68.6,65.4,72.1
616,"Poland",2005,5.8073,8.9633,-0.1,1.3,7.1,6.0,74.6,70.4,78.8
616,"Poland",2010,6.4191,9.9984,0.0,1.4,5.7,4.0,75.6,71.3,79.8
616,"Poland",2015,6.3434,10.665,0.0,1.3,4.5,3.0,77.0,72.9,81.0
620,"Portugal",2005,9.4334,14.4036,0.4,1.5,4.5,12.0,77.6,74.1,81.0
620,"Portugal",2010,9.8195,13.221,0.2,1.4,3.3,11.0,79.3,76.0,82.5
620,"Portugal",2015,8.9718,12.3159,-0.4,1.3,2.9,10.0,80.5,77.3,83.5
624,"Guinea-Bissau",2005,6.3873,13.6794,2.1,5.6,101.0,714.0,52.7,52.0,53.3
624,"Guinea-Bissau",2010,6.3485,5.9414,2.4,5.2,91.1,570.0,54.2,52.8,55.6
624,"Guinea-Bissau",2015,6.5198,9.3501,2.6,4.9,80.4,549.0,56.0,54.3,57.7
626,"Timor-Leste",2005,1.3449,3.6345,3.3,7.0,64.0,506.0,61.5,60.0,63.0
626,"Timor-Leste",2010,1.426,2.7105,1.6,6.5,50.2,317.0,66.4,65.2,67.6
626,"Timor-Leste",2015,3.4942,4.5083,2.2,5.9,43.9,215.0,67.7,66.1,69.5
630,"Puerto Rico",2005,0.0,0.0,-0.2,1.9,8.0,19.0,76.8,72.7,80.9
630,"Puerto Rico",2010,0.0,0.0,-0.3,1.7,7.0,16.0,77.9,73.8,81.8
630,"Puerto Rico",2015,0.0,0.0,-0.2,1.5,6.3,14.0,79.2,75.2,83.2
634,"Qatar",2005,2.5691,6.623,7.6,3.0,9.4,21.0,76.6,75.6,78.1
634,"Qatar",2010,1.7892,4.1493,14.4,2.2,7.8,16.0,77.0,75.9,78.6
634,"Qatar",2015,3.0996,6.293,6.6,2.0,7.2,13.0,77.7,76.9,79.4
638,"Reunion",2005,0.0,0.0,1.4,2.4,7.6,0.0,76.8,73.0,80.6
638,"Reunion",2010,0.0,0.0,1.0,2.4,5.6,0.0,78.2,74.5,81.9
638,"Reunion",2015,0.0,0.0,0.8,2.4,4.2,0.0,79.5,76.0,82.9
642,"Romania",2005,5.4588,13.164,-0.6,1.3,16.9,33.0,71.5,67.9,75.2
642,"Romania",2010,5.7541,11.5259,-0.9,1.4,12.0,30.0,73.1,69.5,76.7
642,"Romania",2015,4.9441,10.7752,-0.6,1.5,8.7,31.0,74.8,71.4,78.4
643,"Russian Federation",2005,4.7584,9.9045,-0.4,1.3,16.2,42.0,64.9,58.6,72.0
643,"Russian Federation",2010,4.9572,8.5938,-0.1,1.4,10.7,29.0,67.1,61.0,73.7
643,"Russian Federation",2015,5.277,8.8161,0.1,1.7,8.3,25.0,70.3,64.7,75.9
646,"Rwanda",2005,8.777,8.0927,2.3,5.4,90.7,567.0,50.6,49.6,51.5
646,"Rwanda",2010,8.6442,8.5564,2.6,4.9,59.8,381.0,60.1,58.6,61.5
646,"Rwanda",2015,6.5194,7.9149,2.5,4.2,44.0,290.0,65.2,63.1,67.1
654,"Saint Helena",2005,0.0,0.0,-3.6,0.0,0.0,0.0,0.0,0.0,0.0
654,"Saint Helena",2010,0.0,0.0,-0.5,0.0,0.0,0.0,0.0,0.0,0.0
654,"Saint Helena",2015,0.0,0.0,-0.7,0.0,0.0,0.0,0.0,0.0,0.0
659,"Saint Kitts and Nevis",2005,4.7603,6.4082,1.4,0.0,0.0,0.0,0.0,0.0,0.0
659,"Saint Kitts and Nevis",2010,5.7586,5.8709,1.1,0.0,0.0,0.0,0.0,0.0,0.0
659,"Saint Kitts and Nevis",2015,5.1524,6.5679,1.1,0.0,0.0,0.0,0.0,0.0,0.0
660,"Anguilla",2005,0.0,0.0,2.6,1.8,0.0,0.0,0.0,0.0,0.0
660,"Anguilla",2010,0.0,0.0,1.7,0.0,0.0,0.0,0.0,0.0,0.0
660,"Anguilla",2015,0.0,0.0,1.2,0.0,0.0,0.0,0.0,0.0,0.0
662,"Saint Lucia",2005,5.4345,6.163,0.8,1.9,14.2,67.0,72.1,70.1,74.0
662,"Saint Lucia",2010,5.693,6.9811,1.1,1.6,11.8,54.0,74.0,71.4,76.6
662,"Saint Lucia",2015,5.3902,8.5586,0.5,1.5,10.9,48.0,74.8,72.2,77.6
666,"Saint Pierre and Miquelon",2005,0.0,0.0,0.0,0.0,0.0,0.0,0.0,0.0,0.0
666,"Saint Pierre and Miquelon",2010,0.0,0.0,0.0,0.0,0.0,0.0,0.0,0.0,0.0
666,"Saint Pierre and Miquelon",2015,0.0,0.0,0.0,0.0,0.0,0.0,0.0,0.0,0.0
670,"Saint Vincent & Grenadines",2005,3.3368,9.0089,0.2,2.2,21.2,50.0,70.7,68.3,73.3
670,"Saint Vincent & Grenadines",2010,3.7476,8.2073,0.1,2.1,18.5,50.0,71.8,69.8,74.0
670,"Saint Vincent & Grenadines",2015,3.5063,9.1535,0.0,2.0,16.5,45.0,72.7,70.7,74.9
674,"San Marino",2005,4.5057,11.6745,1.3,0.0,0.0,0.0,0.0,0.0,0.0
674,"San Marino",2010,5.9571,13.1107,1.2,0.0,0.0,0.0,0.0,0.0,0.0
674,"San Marino",2015,6.8086,13.2706,1.2,0.0,0.0,0.0,0.0,0.0,0.0
678,"Sao Tome and Principe",2005,11.1736,11.4639,2.3,5.1,51.8,181.0,63.8,62.0,65.6
678,"Sao Tome and Principe",2010,6.8382,4.0918,2.3,4.9,46.0,162.0,65.5,63.6,67.4
678,"Sao Tome and Principe",2015,5.3499,4.9014,2.2,4.7,43.8,156.0,66.1,64.1,68.2
682,"Saudi Arabia",2005,3.4187,8.8039,2.8,3.7,17.5,18.0,72.9,71.5,74.6
682,"Saudi Arabia",2010,3.6575,6.8437,2.7,3.2,14.7,14.0,73.2,71.9,74.8
682,"Saudi Arabia",2015,5.9983,10.0643,2.8,2.7,13.0,12.0,74.0,72.7,75.6
686,"Senegal",2005,4.607,8.1994,2.6,5.3,61.1,427.0,58.9,57.3,60.6
686,"Senegal",2010,4.8718,4.9233,2.8,5.1,51.1,375.0,62.4,61.0,63.8
686,"Senegal",2015,5.6764,5.7401,3.0,5.0,43.9,315.0,65.7,63.8,67.5
688,"Serbia",2005,8.7354,14.1995,-0.6,1.7,14.1,15.0,72.4,69.4,75.4
688,"Serbia",2010,10.0969,14.1192,-0.4,1.6,12.4,16.0,73.3,70.6,76.1
688,"Serbia",2015,9.4051,12.3413,-0.4,1.6,9.8,17.0,74.7,71.8,77.5
690,"Seychelles",2005,3.9291,9.2893,1.8,2.2,10.6,0.0,72.1,67.9,76.8
690,"Seychelles",2010,3.5849,9.0157,0.6,2.3,10.2,0.0,72.4,68.1,77.3
690,"Seychelles",2015,3.3487,10.0334,0.5,2.4,10.2,0.0,72.9,68.7,77.9
694,"Sierra Leone",2005,11.0377,9.5427,4.3,6.1,134.9,0.0,41.3,40.1,42.6
694,"Sierra Leone",2010,10.9434,6.2919,2.6,5.6,116.9,0.0,45.9,45.1,46.7
694,"Sierra Leone",2015,20.4146,7.9108,2.3,4.8,94.4,0.0,50.2,49.7,50.7
702,"Singapore",2005,3.043,6.9123,2.8,1.3,2.5,16.0,79.2,76.7,81.8
702,"Singapore",2010,3.2241,8.9115,2.4,1.3,2.2,11.0,81.2,78.7,83.7
702,"Singapore",2015,4.1894,12.3638,1.7,1.2,2.1,10.0,82.3,80.1,84.5
703,"Slovakia",2005,6.5979,12.3358,0.0,1.2,7.3,7.0,73.8,69.8,77.8
703,"Slovakia",2010,7.8011,13.2513,0.0,1.3,6.2,6.0,74.8,70.8,78.6
703,"Slovakia",2015,6.8675,11.9725,0.1,1.4,5.7,6.0,76.3,72.7,79.8
704,"Viet Nam",2005,5.0965,8.6692,1.0,1.9,25.3,61.0,73.8,68.9,78.7
704,"Viet Nam",2010,5.9668,8.6349,1.0,1.9,22.2,58.0,74.7,69.7,79.7
704,"Viet Nam",2015,5.6526,7.8823,1.1,2.0,19.3,54.0,75.6,70.7,80.3
705,"Slovenia",2005,7.965,12.8077,0.1,1.2,4.0,11.0,76.7,72.8,80.4
705,"Slovenia",2010,8.5914,12.6214,0.5,1.4,3.2,9.0,78.6,75.0,82.0
705,"Slovenia",2015,8.5017,12.7047,0.3,1.6,2.5,9.0,80.3,77.3,83.3
706,"Somalia",2005,0.0,0.0,2.9,7.5,97.0,939.0,51.5,50.0,53.1
706,"Somalia",2010,0.0,0.0,2.9,7.1,89.8,820.0,53.2,51.7,54.8
706,"Somalia",2015,0.0,0.0,2.9,6.6,79.5,732.0,54.9,53.3,56.5
710,"South Africa",2005,6.7058,9.7736,1.3,2.8,60.5,112.0,53.8,51.2,56.7
710,"South Africa",2010,7.4154,12.4453,1.1,2.6,52.7,154.0,53.1,50.7,55.6
710,"South Africa",2015,8.1978,13.3391,1.4,2.6,36.5,138.0,59.5,56.1,63.0
716,"Zimbabwe",2005,0.0,0.0,1.1,4.0,67.2,629.0,44.1,42.7,45.5
716,"Zimbabwe",2010,11.828,14.5777,1.7,4.0,58.3,446.0,48.4,47.2,49.4
716,"Zimbabwe",2015,9.2562,15.8676,2.3,4.0,46.5,443.0,57.6,56.1,59.0
724,"Spain",2005,7.6764,14.3992,1.5,1.3,4.0,5.0,79.9,76.5,83.3
724,"Spain",2010,9.022,14.7867,1.2,1.4,3.4,5.0,81.2,78.1,84.3
724,"Spain",2015,9.1201,14.8521,-0.2,1.3,2.9,5.0,82.5,79.6,85.3
728,"South Sudan",2005,0.0,0.0,3.8,6.0,101.4,0.0,50.2,49.1,51.3
728,"South Sudan",2010,0.0,0.0,4.3,5.6,89.1,876.0,52.3,51.3,53.3
728,"South Sudan",2015,0.0,0.0,3.3,5.2,77.7,789.0,55.1,54.1,56.0
729,"Sudan",2005,4.0942,8.0995,2.5,5.3,61.8,440.0,59.4,57.5,61.3
729,"Sudan",2010,5.0317,9.5372,2.1,5.0,53.7,349.0,61.5,59.8,63.3
729,"Sudan",2015,6.8049,18.0894,2.3,4.8,48.7,311.0,63.6,62.1,65.1
732,"Western Sahara",2005,0.0,0.0,6.6,2.9,52.9,0.0,63.9,62.3,65.8
732,"Western Sahara",2010,0.0,0.0,1.9,2.6,43.1,0.0,66.2,64.7,68.1
732,"Western Sahara",2015,0.0,0.0,1.8,2.6,34.1,0.0,68.4,66.9,70.3
740,"Suriname",2005,6.4625,11.9373,1.1,2.8,24.2,223.0,68.1,64.8,71.7
740,"Suriname",2010,5.5498,8.5614,1.1,2.6,22.2,169.0,69.6,66.4,73.1
740,"Suriname",2015,6.7056,12.7358,1.0,2.5,17.4,155.0,70.9,67.8,74.2
748,"Eswatini",2005,5.6226,12.6123,0.0,0.0,0.0,0.0,0.0,0.0,0.0
748,"Eswatini",2010,8.3618,18.8477,0.0,0.0,0.0,0.0,0.0,0.0,0.0
748,"Eswatini",2015,7.7721,14.8978,0.0,0.0,0.0,0.0,0.0,0.0,0.0
748,"Swaziland",2005,0.0,0.0,0.8,4.0,86.6,595.0,46.0,44.2,47.6
748,"Swaziland",2010,0.0,0.0,1.7,3.8,75.8,436.0,48.4,46.5,50.2
748,"Swaziland",2015,0.0,0.0,1.8,3.3,56.3,389.0,55.0,51.6,58.2
752,"Sweden",2005,8.2774,12.9215,0.4,1.7,3.2,5.0,80.1,77.9,82.3
752,"Sweden",2010,8.4864,13.6757,0.8,1.9,2.6,4.0,81.1,79.0,83.1
752,"Sweden",2015,11.0081,18.4841,0.8,1.9,2.4,4.0,81.9,80.0,83.7
756,"Switzerland",2005,10.822,19.4034,0.7,1.4,4.6,7.0,80.5,77.7,83.1
756,"Switzerland",2010,10.6985,20.0361,1.1,1.5,4.2,6.0,81.8,79.3,84.1
756,"Switzerland",2015,11.8938,22.1409,1.2,1.5,3.9,5.0,82.7,80.5,84.8
760,"Syrian Arab Republic",2005,4.1097,7.3435,2.2,3.8,17.7,58.0,73.6,71.4,75.9
760,"Syrian Arab Republic",2010,3.2764,5.1248,2.8,3.4,15.0,49.0,74.5,72.0,77.3
760,"Syrian Arab Republic",2015,0.0,0.0,-2.3,3.1,17.9,68.0,69.9,64.4,76.3
762,"Tajikistan",2005,5.2102,4.2995,2.0,3.6,62.9,46.0,66.5,63.6,69.6
762,"Tajikistan",2010,5.7354,4.5158,2.2,3.5,48.9,35.0,68.7,66.0,71.9
762,"Tajikistan",2015,6.8537,6.0676,2.2,3.5,38.9,32.0,70.4,67.7,73.5
764,"Thailand",2005,3.1597,13.6341,0.8,1.6,16.7,26.0,71.2,67.7,74.9
764,"Thailand",2010,3.3901,14.8434,0.5,1.6,13.4,23.0,73.2,69.8,76.6
764,"Thailand",2015,3.6669,15.28,0.4,1.5,11.2,20.0,74.6,70.8,78.4
768,"Togo",2005,3.9219,3.8008,2.7,5.3,77.3,427.0,53.9,53.0,54.7
768,"Togo",2010,5.8534,7.4459,2.7,5.0,63.2,393.0,55.8,55.1,56.5
768,"Togo",2015,6.2494,4.1512,2.6,4.7,55.7,368.0,59.1,58.3,59.8
772,"Tokelau",2005,0.0,0.0,-5.0,0.0,0.0,0.0,0.0,0.0,0.0
772,"Tokelau",2010,0.0,0.0,-1.3,0.0,0.0,0.0,0.0,0.0,0.0
772,"Tokelau",2015,0.0,0.0,1.9,0.0,0.0,0.0,0.0,0.0,0.0
776,"Tonga",2005,4.1623,10.5927,0.6,4.2,23.5,114.0,71.2,68.8,73.5
776,"Tonga",2010,4.741,9.0327,0.6,4.0,22.0,130.0,71.8,69.1,74.7
776,"Tonga",2015,4.6681,6.8444,0.4,3.8,20.6,124.0,72.5,69.6,75.6
780,"Trinidad and Tobago",2005,4.499,8.8725,0.5,1.8,28.9,62.0,68.7,65.1,72.5
780,"Trinidad and Tobago",2010,5.1783,8.0441,0.5,1.8,26.6,65.0,69.3,65.9,73.0
780,"Trinidad and Tobago",2015,6.2174,8.3091,0.5,1.8,24.8,63.0,70.2,66.9,73.8
784,"United Arab Emirates",2005,2.3202,8.3768,7.5,2.4,9.2,6.0,74.8,74.1,76.3
784,"United Arab Emirates",2010,3.8775,8.5268,11.8,2.0,6.9,6.0,75.9,75.2,77.3
784,"United Arab Emirates",2015,3.5855,7.8905,2.0,1.8,6.2,6.0,76.7,76.0,78.2
788,"Tunisia",2005,5.3974,11.3501,0.8,2.0,23.0,74.0,73.7,71.4,76.3
788,"Tunisia",2010,5.884,13.0318,1.0,2.0,18.7,67.0,74.6,72.3,77.0
788,"Tunisia",2015,7.0068,13.8623,1.2,2.3,18.5,62.0,75.0,73.0,77.1
792,"Turkey",2005,4.9416,10.3245,1.4,2.4,24.7,57.0,71.4,68.0,74.9
792,"Turkey",2010,5.0537,10.8751,1.3,2.2,16.4,23.0,73.4,69.9,76.9
792,"Turkey",2015,4.1385,9.6732,1.6,2.1,12.6,16.0,74.8,71.5,78.1
795,"Turkmenistan",2005,9.5553,10.2729,1.0,2.8,62.1,53.0,64.2,60.3,68.2
795,"Turkmenistan",2010,4.9964,8.7117,1.4,2.7,54.2,46.0,65.9,62.2,69.6
795,"Turkmenistan",2015,6.2979,8.7115,1.8,3.0,46.9,42.0,67.3,63.9,70.8
796,"Turks and Caicos Islands",2005,0.0,0.0,6.7,0.0,0.0,0.0,0.0,0.0,0.0
796,"Turks and Caicos Islands",2010,0.0,0.0,3.2,0.0,0.0,0.0,0.0,0.0,0.0
796,"Turks and Caicos Islands",2015,0.0,0.0,2.1,0.0,0.0,0.0,0.0,0.0,0.0
798,"Tuvalu",2005,11.3173,11.6213,1.2,0.0,0.0,0.0,0.0,0.0,0.0
798,"Tuvalu",2010,15.6507,14.7879,1.0,0.0,10.3,0.0,69.6,67.4,71.9
798,"Tuvalu",2015,14.1149,10.3167,0.9,0.0,0.0,0.0,0.0,0.0,0.0
800,"Uganda",2005,11.3637,14.9322,3.4,6.7,79.4,504.0,49.9,47.8,52.1
800,"Uganda",2010,10.5157,7.6043,3.4,6.4,68.2,420.0,55.2,53.6,56.7
800,"Uganda",2015,6.334,5.1353,3.4,5.9,60.2,343.0,58.6,56.5,60.7
804,"Ukraine",2005,6.1126,8.4319,-0.8,1.1,14.8,30.0,67.5,61.9,73.4
804,"Ukraine",2010,6.9811,7.5005,-0.5,1.4,12.6,26.0,67.9,62.3,73.8
804,"Ukraine",2015,6.9562,6.6355,-0.5,1.5,8.8,24.0,71.1,66.1,76.0
807,"North Macedonia",2005,7.7131,13.5706,0.0,0.0,0.0,0.0,0.0,0.0,0.0
807,"North Macedonia",2010,6.7162,12.5156,0.0,0.0,0.0,0.0,0.0,0.0,0.0
807,"North Macedonia",2015,6.354,12.7857,0.0,0.0,0.0,0.0,0.0,0.0,0.0
807,"TFYR of Macedonia",2005,0.0,0.0,0.2,1.6,12.9,10.0,73.8,71.3,76.4
807,"TFYR of Macedonia",2010,0.0,0.0,0.1,1.5,10.8,8.0,74.2,72.1,76.3
807,"TFYR of Macedonia",2015,0.0,0.0,0.1,1.5,9.0,8.0,75.1,73.2,77.2
818,"Egypt",2005,4.9223,5.2435,1.9,3.2,29.4,52.0,69.0,66.7,71.4
818,"Egypt",2010,4.1532,4.3616,1.8,3.0,23.5,40.0,69.9,67.6,72.2
818,"Egypt",2015,4.6229,4.9624,2.2,3.4,18.9,33.0,70.8,68.7,73.1
826,"United Kingdom",2005,7.1867,14.5109,0.4,1.7,5.3,12.0,78.4,76.1,80.6
826,"United Kingdom",2010,8.4741,15.0267,1.0,1.9,4.8,10.0,79.7,77.5,81.8
826,"United Kingdom",2015,9.7927,18.5484,0.7,1.9,4.1,9.0,81.0,79.0,82.8
833,"Isle of Man",2005,0.0,0.0,1.0,0.0,0.0,0.0,0.0,0.0,0.0
833,"Isle of Man",2010,0.0,0.0,1.0,0.0,0.0,0.0,0.0,0.0,0.0
833,"Isle of Man",2015,0.0,0.0,0.8,0.0,0.0,0.0,0.0,0.0,0.0
834,"United Rep. of Tanzania",2005,6.4139,12.6199,2.8,5.7,67.1,687.0,53.7,52.0,55.4
834,"United Rep. of Tanzania",2010,5.2991,7.2644,3.1,5.6,52.4,514.0,58.8,57.5,60.1
834,"United Rep. of Tanzania",2015,3.7897,7.3306,3.1,5.2,44.0,398.0,62.8,60.8,64.8
840,"United States of America",2005,14.5415,18.1072,0.9,2.0,7.0,13.0,77.2,74.5,79.7
840,"United States of America",2010,16.4129,18.5534,0.9,2.1,6.8,14.0,78.2,75.6,80.6
840,"United States of America",2015,16.8157,36.6425,0.7,1.9,6.0,14.0,78.9,76.5,81.3
850,"United States Virgin Islands",2005,0.0,0.0,-0.2,2.1,11.6,0.0,77.1,74.9,79.5
850,"United States Virgin Islands",2010,0.0,0.0,-0.3,2.4,10.7,0.0,77.8,75.5,80.3
850,"United States Virgin Islands",2015,0.0,0.0,-0.2,2.3,9.3,0.0,79.1,76.7,81.5
854,"Burkina Faso",2005,4.4426,6.0486,2.9,6.4,90.0,468.0,51.6,50.5,52.6
854,"Burkina Faso",2010,5.893,6.0324,3.0,6.1,77.6,417.0,55.3,54.6,55.8
854,"Burkina Faso",2015,5.8253,7.1527,3.0,5.6,64.8,371.0,58.7,58.0,59.3
858,"Uruguay",2005,8.4267,13.2281,0.0,2.2,14.4,26.0,75.3,71.6,78.9
858,"Uruguay",2010,8.5744,16.9337,0.3,2.1,13.4,19.0,76.2,72.5,79.7
858,"Uruguay",2015,9.0083,19.0489,0.3,2.0,12.7,15.0,77.0,73.3,80.4
860,"Uzbekistan",2005,5.039,6.4677,1.3,2.5,49.5,42.0,67.7,64.5,71.0
860,"Uzbekistan",2010,5.3534,8.0394,1.5,2.5,40.7,39.0,69.1,66.1,72.2
860,"Uzbekistan",2015,6.0956,8.9725,1.6,2.4,31.3,36.0,70.8,68.1,73.5
862,"Venezuela (Boliv. Rep. of)",2005,4.8442,5.1849,1.8,2.7,18.1,93.0,72.8,68.8,77.2
862,"Venezuela (Boliv. Rep. of)",2010,6.1211,6.2194,1.6,2.5,15.9,99.0,73.4,69.4,77.7
862,"Venezuela (Boliv. Rep. of)",2015,5.1289,4.0576,1.4,2.4,13.8,95.0,73.9,69.9,78.2
876,"Wallis and Futuna Islands",2005,0.0,0.0,0.1,0.0,0.0,0.0,0.0,0.0,0.0
876,"Wallis and Futuna Islands",2010,0.0,0.0,-1.6,0.0,0.0,0.0,0.0,0.0,0.0
876,"Wallis and Futuna Islands",2015,0.0,0.0,-2.1,0.0,0.0,0.0,0.0,0.0,0.0
882,"Samoa",2005,4.7625,10.4049,0.6,4.4,25.7,77.0,70.1,67.2,73.6
882,"Samoa",2010,5.4945,10.3824,0.7,4.5,21.3,64.0,72.1,69.1,75.4
882,"Samoa",2015,5.6747,11.5278,0.8,4.2,18.0,51.0,74.1,71.1,77.4
887,"Yemen",2005,5.2059,4.5012,2.8,5.9,67.9,428.0,61.0,59.7,62.4
887,"Yemen",2010,5.1593,3.8478,2.7,5.0,53.0,416.0,62.7,61.4,64.1
887,"Yemen",2015,5.6037,2.2287,2.6,4.4,47.2,385.0,64.2,62.8,65.6
894,"Zambia",2005,6.8633,8.1557,2.7,6.0,82.2,372.0,46.9,45.3,48.5
894,"Zambia",2010,3.7193,4.6572,2.8,5.6,65.2,262.0,52.9,51.2,54.7
894,"Zambia",2015,4.4351,7.4375,3.0,5.2,53.8,224.0,59.7,57.5,61.9
